x_var,janus_throughput,janus_p50,janus_p95,janus_p99,janus_lsh_p50,janus_lsh_p95,janus_lsh_p99,janus_fsh_p50,janus_fsh_p95,janus_fsh_p99,janus_mh_p50,janus_mh_p95,janus_mh_p99,janus_aborts,janus_bytes,janus_cost,detock_throughput,detock_p50,detock_p95,detock_p99,detock_lsh_p50,detock_lsh_p95,detock_lsh_p99,detock_fsh_p50,detock_fsh_p95,detock_fsh_p99,detock_mh_p50,detock_mh_p95,detock_mh_p99,detock_aborts,detock_bytes,detock_cost,slog_throughput,slog_p50,slog_p95,slog_p99,slog_lsh_p50,slog_lsh_p95,slog_lsh_p99,slog_fsh_p50,slog_fsh_p95,slog_fsh_p99,slog_mh_p50,slog_mh_p95,slog_mh_p99,slog_aborts,slog_bytes,slog_cost,calvin_throughput,calvin_p50,calvin_p95,calvin_p99,calvin_lsh_p50,calvin_lsh_p95,calvin_lsh_p99,calvin_fsh_p50,calvin_fsh_p95,calvin_fsh_p99,calvin_mh_p50,calvin_mh_p95,calvin_mh_p99,calvin_aborts,calvin_bytes,calvin_cost
1.0,24144.0,138.582,179.175,651.725,138.582,179.175,651.725,,,,,,,0.0,96039692.633,0.122,34358.0,145.861,217.762,926.028,65.26,135.695,622.28,158.033,263.733,1225.994,161.048,274.998,1341.285,0.0,158683191.133,0.122,40366.0,149.692,197.056,683.769,23.186,62.024,394.922,163.099,255.288,1065.391,166.194,268.182,1107.445,0.0,175371193.633,0.112,5908.0,136.07,142.285,183.286,136.07,142.285,183.286,,,,,,,0.0,21363983.883,0.244
100.0,,,,,,,,,,,,,,,,,,,,,,,,,,,,,,,,,,,,,,,,,,,,,,,,,18700.0,7.659,140.249,143.14,7.659,140.249,143.14,,,,,,,0.0,67003602.15,0.126
200.0,,,,,,,,,,,,,,,,,,,,,,,,,,,,,,,,,,,,,,,,,,,,,,,,,31918.0,7.228,142.325,149.185,7.228,142.325,149.185,,,,,,,0.0,113805251.667,0.103
300.0,,,,,,,,,,,,,,,,,,,,,,,,,,,,,,,,,,,,,,,,,,,,,,,,,38604.0,8.485,143.76,149.693,8.485,143.76,149.693,,,,,,,0.0,137285941.45,0.097
400.0,,,,,,,,,,,,,,,,,,,,,,,,,,,,,,,,,,,,,,,,,,,,,,,,,40451.0,9.86,469.156,1365.992,9.86,469.156,1365.992,,,,,,,0.0,142966754.15,0.096
500.0,23262.0,139.302,266.723,553.167,139.302,266.723,553.167,,,,,,,0.0,96120313.883,0.126,,,,,,,,,,,,,,,,,,,,,,,,,,,,,,,,,40164.0,11.318,415.383,1525.283,11.318,415.383,1525.283,,,,,,,0.0,139774471.917,0.095
600.0,,,,,,,,,,,,,,,,,,,,,,,,,,,,,,,,,,,,,,,,,,,,,,,,,43197.0,12.794,18.392,1621.744,12.794,18.392,1621.744,,,,,,,0.0,146966101.317,0.092
625.0,,,,,,,,,,,,,,,,,36750.0,140.648,174.794,1298.598,51.095,95.229,1162.17,148.619,211.677,1388.148,150.633,209.274,1411.898,0.0,169372344.4,0.12,41288.0,143.926,168.866,2551.42,16.515,75.389,1990.413,154.678,211.791,2757.408,156.883,209.055,2600.978,0.0,179814909.95,0.112,,,,,,,,,,,,,,,,
700.0,,,,,,,,,,,,,,,,,,,,,,,,,,,,,,,,,,,,,,,,,,,,,,,,,47320.0,14.412,19.023,27.292,14.412,19.023,27.292,,,,,,,0.0,155371101.183,0.087
800.0,,,,,,,,,,,,,,,,,,,,,,,,,,,,,,,,,,,,,,,,,,,,,,,,,50545.0,15.817,20.285,23.162,15.817,20.285,23.162,,,,,,,0.0,168043921.033,0.087
1000.0,22323.0,141.009,286.331,376.408,141.009,286.331,376.408,,,,,,,0.0,96038133.883,0.132,,,,,,,,,,,,,,,,,,,,,,,,,,,,,,,,,,,,,,,,,,,,,,,,
1250.0,,,,,,,,,,,,,,,,,42221.0,143.77,229.266,355.357,55.656,147.079,227.765,148.032,242.092,443.165,149.758,242.245,438.275,0.0,195237523.283,0.117,46043.0,147.127,757.526,2650.29,12.259,660.306,2616.525,151.05,801.911,2599.044,152.673,862.778,2728.045,0.0,201254884.117,0.109,,,,,,,,,,,,,,,,
1500.0,19269.0,178.491,374.899,545.282,178.491,374.899,545.282,,,,,,,0.0,85738428.767,0.142,,,,,,,,,,,,,,,,,,,,,,,,,,,,,,,,,,,,,,,,,,,,,,,,
1875.0,,,,,,,,,,,,,,,,,47714.0,143.127,166.477,223.873,56.396,91.029,138.472,150.745,179.789,238.555,152.07,181.712,240.982,0.0,220057325.133,0.114,,,,,,,,,,,,,,,,,,,,,,,,,,,,,,,,
2000.0,17033.0,214.861,442.842,613.867,214.861,442.842,613.867,,,,,,,0.0,77170419.167,0.15,,,,,,,,,,,,,,,,,,,,,,,,,,,,,,,,,,,,,,,,,,,,,,,,
2500.0,20076.0,176.036,336.228,447.183,176.036,336.228,447.183,,,,,,,0.0,88180003.933,0.138,49179.0,142.406,155.375,188.495,54.221,82.256,111.646,149.703,158.939,215.888,150.973,160.893,216.81,0.0,226075046.733,0.113,46154.0,146.497,205.475,255.025,10.933,184.97,226.466,150.198,212.681,280.634,151.359,213.115,282.79,0.0,207927894.417,0.112,,,,,,,,,,,,,,,,
3000.0,21696.0,150.806,298.095,391.563,150.806,298.095,391.563,,,,,,,0.0,92611046.533,0.132,,,,,,,,,,,,,,,,,,,,,,,,,,,,,,,,,,,,,,,,,,,,,,,,
3125.0,,,,,,,,,,,,,,,,,45471.0,141.697,155.493,401.657,51.327,82.272,278.401,148.737,159.272,461.149,149.99,159.734,461.854,0.0,208139276.367,0.114,46847.0,145.097,156.87,196.529,16.785,144.162,157.791,150.375,158.495,233.636,151.465,160.021,231.297,0.0,204858882.1,0.109,,,,,,,,,,,,,,,,
3500.0,23818.0,141.447,272.943,364.877,141.447,272.943,364.877,,,,,,,0.0,98123429.883,0.125,,,,,,,,,,,,,,,,,,,,,,,,,,,,,,,,,,,,,,,,,,,,,,,,
3750.0,,,,,,,,,,,,,,,,,45999.0,143.808,222.324,250.408,53.467,143.429,176.089,147.197,238.296,276.336,148.629,238.888,272.753,0.0,210186484.733,0.113,44834.0,144.082,155.859,165.418,80.701,143.18,150.28,149.518,157.082,184.599,150.663,158.71,182.391,0.0,195763388.367,0.11,,,,,,,,,,,,,,,,
4000.0,28279.0,138.21,146.93,219.275,138.21,146.93,219.275,,,,,,,0.0,110577119.95,0.114,,,,,,,,,,,,,,,,,,,,,,,,,,,,,,,,,,,,,,,,,,,,,,,,
4375.0,,,,,,,,,,,,,,,,,45232.0,145.187,1013.978,2073.922,51.993,942.121,2011.649,148.12,1065.052,2114.651,149.752,1050.654,2123.833,0.0,204826283.733,0.113,38881.0,144.74,158.415,248.169,104.99,146.384,205.111,149.804,160.394,298.824,151.266,163.217,315.289,0.0,309337572.783,0.185,,,,,,,,,,,,,,,,
5000.0,,,,,,,,,,,,,,,,,28333.0,144.646,580.503,1137.367,44.356,126.855,348.76,181.551,779.153,1170.815,183.89,792.939,1170.346,0.0,130811850.967,0.128,39085.0,145.994,159.483,173.487,112.867,147.712,157.623,151.111,160.368,179.911,152.829,163.078,186.472,0.0,168727886.15,0.112,,,,,,,,,,,,,,,,
