x_var,detock_throughput,detock_p50,detock_p95,detock_p99,detock_lsh_p50,detock_lsh_p95,detock_lsh_p99,detock_fsh_p50,detock_fsh_p95,detock_fsh_p99,detock_mh_p50,detock_mh_p95,detock_mh_p99,detock_aborts,detock_bytes,detock_cost,slog_throughput,slog_p50,slog_p95,slog_p99,slog_lsh_p50,slog_lsh_p95,slog_lsh_p99,slog_fsh_p50,slog_fsh_p95,slog_fsh_p99,slog_mh_p50,slog_mh_p95,slog_mh_p99,slog_aborts,slog_bytes,slog_cost,janus_throughput,janus_p50,janus_p95,janus_p99,janus_lsh_p50,janus_lsh_p95,janus_lsh_p99,janus_fsh_p50,janus_fsh_p95,janus_fsh_p99,janus_mh_p50,janus_mh_p95,janus_mh_p99,janus_aborts,janus_bytes,janus_cost,calvin_throughput,calvin_p50,calvin_p95,calvin_p99,calvin_lsh_p50,calvin_lsh_p95,calvin_lsh_p99,calvin_fsh_p50,calvin_fsh_p95,calvin_fsh_p99,calvin_mh_p50,calvin_mh_p95,calvin_mh_p99,calvin_aborts,calvin_bytes,calvin_cost
1.0,7053.0,7.278749,742.2137855999999,1262.3715829800003,6.12917,201.5578765,220.43423693999998,279.769801,1242.9460311999999,1466.07928416,313.841686,1238.7395695,1463.45607395,0.0,32916372.516666666,0.23725045375490336,21549.0,11.903234,151.5111388,161.2547166,10.3050275,22.14705245,28.53592869,146.81447550000001,158.61017475,183.46334905000046,149.053147,162.36417849999998,180.95764114000005,0.0,93589500.98333333,0.1339639899608644,22925.0,222.19988999999998,283.3698395,342.02301719999707,222.19988999999998,283.3698395,342.02301719999707,,,,,,,0.0,83279839.21666667,0.1169289764158488,2912.0,135.0694095,140.6860551,148.56720188000014,135.0694095,140.6860551,148.56720188000014,,,,,,,0.0,10038679.15,0.41750466449175827
50.0,,,,,,,,,,,,,,,,,,,,,,,,,,,,,,,,,,,,,,,,,,,,,,,,,9711.0,7.8985425,140.81146495,145.08858721,7.8985425,140.81146495,145.08858721,,,,,,,0.0,31625032.9,0.16965303861600248
100.0,,,,,,,,,,,,,,,,,,,,,,,,,,,,,,,,,,,,,,,,,,,,,,,,,15594.0,7.8763369999999995,143.91146565,190.4522396000006,7.8763369999999995,143.91146565,190.4522396000006,,,,,,,0.0,50182916.75,0.12945096415287932
125.0,12349.0,52.558516499999996,218.55364925,279.87663535,8.360004,137.8017313499999,165.53187543999994,143.827618,266.9565764,304.61961587999997,192.16646,282.9231602,307.87240333999995,0.0,55088059.7,0.1714115470078549,22774.0,10.178302500000001,149.939325,154.21690169,8.9608285,13.819538999999999,19.483174979999994,146.555478,152.9914166,168.0545216,148.103221,154.913208,186.59387162,0.0,98896348.16666667,0.13141858976610757,,,,,,,,,,,,,,,,,,,,,,,,,,,,,,,,
150.0,,,,,,,,,,,,,,,,,,,,,,,,,,,,,,,,,,,,,,,,,,,,,,,,,17964.0,8.499565,373.82522989999995,3359.24523894,8.499565,373.82522989999995,3359.24523894,,,,,,,0.0,55729022.45,0.11854711918281005
200.0,,,,,,,,,,,,,,,,,,,,,,,,,,,,,,,,,,,,,,,,,,,,,,,,,19971.0,9.565468,133.09896919999994,3164.91720964,9.565468,133.09896919999994,3164.91720964,,,,,,,0.0,61614858.35,0.11252802398477794
250.0,16606.0,15.582444,183.24973579999997,295.5805016399996,10.4985225,59.516816999999996,77.9046263,145.511303,216.14036689999995,1330.9085768199998,154.646316,223.88743724999986,1651.1505037499937,0.0,76056641.83333333,0.1527238851419166,20691.0,10.8362145,151.8385275,177.62207515,9.2713395,20.945383849999974,50.04930739,147.47475250000002,160.0208044,262.9937425299995,149.75838900000002,178.840127,260.46705570000057,0.0,90549995.65,0.13658111802232853,,,,,,,,,,,,,,,,,20365.0,11.248125,28.012186399999955,2725.732956280001,11.248125,28.012186399999955,2725.732956280001,,,,,,,0.0,62913413.55,0.11162623476552912
300.0,,,,,,,,,,,,,,,,,,,,,,,,,,,,,,,,,,,,,,,,,,,,,,,,,20568.0,12.365863000000001,41.155938799999994,1040.9491026200028,12.365863000000001,41.155938799999994,1040.9491026200028,,,,,,,0.0,63498936.166666664,0.1110938702515234
350.0,,,,,,,,,,,,,,,,,,,,,,,,,,,,,,,,,,,,,,,,,,,,,,,,,20855.0,14.130386000000001,39.30494274999999,540.7541320200002,14.130386000000001,39.30494274999999,540.7541320200002,,,,,,,0.0,65930903.28333333,0.11189729396627507
375.0,22229.0,9.909075,149.37215650000002,161.26824609999983,8.508988,16.621128999999996,62.62327496000014,145.713315,154.6505249,224.47132219999992,147.679225,160.77795559999998,270.91601608000053,0.0,100307076.05,0.1359099159206442,21593.0,9.2651845,150.58027825,157.04711164999995,8.044318,15.187481399999998,26.073993979999976,146.985099,154.579015,202.86670391999874,148.829337,157.79510915,206.9888337299997,0.0,94707704.36666666,0.13472672103613828,,,,,,,,,,,,,,,,,,,,,,,,,,,,,,,,
400.0,,,,,,,,,,,,,,,,,,,,,,,,,,,,,,,,,,,,,,,,,,,,,,,,,21844.0,14.891129,33.7559397,54.90182935999999,14.891129,33.7559397,54.90182935999999,,,,,,,0.0,68107789.05,0.10882419799487274
500.0,22831.0,8.888964,148.17887249999998,154.0436519600004,7.7678405,14.281134699999987,56.52917557000001,145.277307,151.4356335,190.32094427999996,146.762906,155.743765,198.11098780000003,0.0,102743490.4,0.13446059340370553,22710.0,8.875653,150.39780755,157.05934498999991,7.762601999999999,13.267909750000001,19.721536999999998,146.83315599999997,154.09281685,254.90340825000047,148.631549,159.99942155000002,306.2238348700001,0.0,99096251.4,0.1319649946279172,,,,,,,,,,,,,,,,,,,,,,,,,,,,,,,,
625.0,22503.0,9.803184,150.1255888,155.88598911999998,8.5888705,14.430499599999994,22.56077342999995,146.216191,154.31776569999997,171.51225232,147.753381,156.75541529999998,196.42677415000003,0.0,100711186.55,0.1346142172599209,21013.0,9.147401,150.4300704,160.31571624,7.903134,15.703190349999996,48.41346696999986,146.491396,155.7556081,463.7909306799959,148.272414,160.3938002,499.51464480000016,0.0,90913682.03333333,0.13483432354574154,23143.0,170.0253385,337.87378480000007,982.6615121100001,170.0253385,337.87378480000007,982.6615121100001,,,,,,,0.0,83932656.4,0.11639170064382319,,,,,,,,,,,,,,,,
750.0,17622.0,11.636017,176.78672779999948,675.064195839999,9.940163,18.120815999999998,34.687176999999785,144.618462,559.3181483999999,858.5580445199998,146.661713,557.466384,867.8776533200003,0.0,77462758.28333333,0.14551442320205807,21911.0,10.814162,152.48607779999998,164.70136168000002,9.305768,15.614968000000001,25.672809099999956,147.423945,160.7300054,210.6270087199999,149.38264,163.6082495,212.54913345000014,0.0,93773414.36666666,0.13191859282247878,,,,,,,,,,,,,,,,,,,,,,,,,,,,,,,,
875.0,20218.0,15.7103715,154.779381,203.78105435999998,12.5683945,25.610694549999995,43.19495981000008,146.655486,185.63088604999976,306.31580138,150.42402750000002,189.52213534999976,298.54743415000104,0.0,88608448.65,0.13785582020971412,20732.0,13.724376,153.17009299999998,163.33029226000005,11.51663,26.584739199999962,52.32571491999995,147.689493,160.29631329999998,256.25349405999924,150.736299,164.36480849999998,257.8054633200004,0.0,88058945.68333334,0.1339079159592257,,,,,,,,,,,,,,,,,,,,,,,,,,,,,,,,
1000.0,18379.0,24.643536,161.1202935,172.4886368,18.9444625,38.3967265,70.48031767000056,148.3205575,169.35556825,183.48663530000005,156.878368,173.73700569999997,186.63266292,0.0,79731697.1,0.14198998541814026,17700.0,25.2964405,166.7927995999999,182.85326885000003,20.600400999999998,44.7186685,70.1317890999968,151.243111,179.57761835,193.0232693400004,162.1381905,183.90212054999995,193.77952770000002,0.0,74367705.7,0.14137593864406783,,,,,,,,,,,,,,,,,,,,,,,,,,,,,,,,
1250.0,,,,,,,,,,,,,,,,,,,,,,,,,,,,,,,,,25566.0,148.086153,326.8632445,372.18574920000003,148.086153,326.8632445,372.18574920000003,,,,,,,0.0,93604398.18333334,0.11292685455944093,,,,,,,,,,,,,,,,
1875.0,,,,,,,,,,,,,,,,,,,,,,,,,,,,,,,,,24566.0,157.81374399999999,338.506974,625.1637045800001,157.81374399999999,338.506974,625.1637045800001,,,,,,,0.0,90636633.41666667,0.11510757422182419,,,,,,,,,,,,,,,,
2500.0,,,,,,,,,,,,,,,,,,,,,,,,,,,,,,,,,24565.0,206.922494,289.715906,502.78028320000004,206.922494,289.715906,502.78028320000004,,,,,,,0.0,90887113.83333333,0.11531619282176538,,,,,,,,,,,,,,,,
3125.0,,,,,,,,,,,,,,,,,,,,,,,,,,,,,,,,,24121.0,152.271896,473.29494199999965,877.51731744,152.271896,473.29494199999965,877.51731744,,,,,,,0.0,89329605.1,0.11614742763567015,,,,,,,,,,,,,,,,
3750.0,,,,,,,,,,,,,,,,,,,,,,,,,,,,,,,,,21224.0,140.832578,713.0689857999997,1495.708554119999,140.832578,713.0689857999997,1495.708554119999,,,,,,,0.0,78846684.23333333,0.12212277066842567,,,,,,,,,,,,,,,,
4375.0,,,,,,,,,,,,,,,,,,,,,,,,,,,,,,,,,23344.0,193.149517,285.79532244999996,892.7372403100001,193.149517,285.79532244999996,892.7372403100001,,,,,,,0.0,85012403.33333333,0.116314601896276,,,,,,,,,,,,,,,,
5000.0,,,,,,,,,,,,,,,,,,,,,,,,,,,,,,,,,23624.0,212.9878195,266.792034,298.39342971,212.9878195,266.792034,298.39342971,,,,,,,0.0,84581039.51666667,0.11457080893723895,,,,,,,,,,,,,,,,
