x_var,slog_throughput,slog_p50,slog_p95,slog_p99,slog_lsh_p50,slog_lsh_p95,slog_lsh_p99,slog_fsh_p50,slog_fsh_p95,slog_fsh_p99,slog_mh_p50,slog_mh_p95,slog_mh_p99,slog_aborts,slog_bytes,slog_cost,detock_throughput,detock_p50,detock_p95,detock_p99,detock_lsh_p50,detock_lsh_p95,detock_lsh_p99,detock_fsh_p50,detock_fsh_p95,detock_fsh_p99,detock_mh_p50,detock_mh_p95,detock_mh_p99,detock_aborts,detock_bytes,detock_cost,calvin_throughput,calvin_p50,calvin_p95,calvin_p99,calvin_lsh_p50,calvin_lsh_p95,calvin_lsh_p99,calvin_fsh_p50,calvin_fsh_p95,calvin_fsh_p99,calvin_mh_p50,calvin_mh_p95,calvin_mh_p99,calvin_aborts,calvin_bytes,calvin_cost,janus_throughput,janus_p50,janus_p95,janus_p99,janus_lsh_p50,janus_lsh_p95,janus_lsh_p99,janus_fsh_p50,janus_fsh_p95,janus_fsh_p99,janus_mh_p50,janus_mh_p95,janus_mh_p99,janus_aborts,janus_bytes,janus_cost
1.0,15980.2,81.047,358.821,1123.733,72.456,175.888,267.168,336.407,537.867,2750.45,342.596,546.151,2830.8,0.0,73588858.533,0.156,14684.792,17.309,997.466,1678.875,11.918,144.309,797.126,508.855,1536.126,2120.543,508.565,1529.628,2067.378,0.0,69253454.467,0.163,15292.057,320.999,411.117,470.247,320.999,411.117,470.247,,,,,,,0.0,50462364.383,0.132,16815.393,430.147,744.254,3238.066,430.147,744.254,3238.066,,,,,,,0.0,67400115.8,0.141
325.0,20829.349,67.989,341.222,555.335,47.154,160.789,207.623,286.383,380.854,1066.492,308.011,384.989,1072.799,0.0,94737368.35,0.14,,,,,,,,,,,,,,,,,,,,,,,,,,,,,,,,,,,,,,,,,,,,,,,,
375.0,,,,,,,,,,,,,,,,,23450.665,79.525,349.124,402.367,55.737,173.437,239.665,287.688,379.665,506.624,305.084,394.527,519.801,0.0,109873445.833,0.137,,,,,,,,,,,,,,,,,,,,,,,,,,,,,,,,
625.0,,,,,,,,,,,,,,,,,,,,,,,,,,,,,,,,,22465.889,35.909,49.013,11038.117,35.909,49.013,11038.117,,,,,,,0.0,63849359.067,0.102,,,,,,,,,,,,,,,,
650.0,21871.744,35.456,315.204,1048.015,25.532,151.045,225.767,290.52,534.285,2155.58,295.018,527.834,2163.293,0.0,350509809.7,0.367,,,,,,,,,,,,,,,,,,,,,,,,,,,,,,,,,,,,,,,,,,,,,,,,
750.0,,,,,,,,,,,,,,,,,23928.82,54.412,336.718,787.068,40.083,161.469,363.884,300.156,654.627,1318.345,304.048,656.675,1319.841,0.0,111578519.233,0.136,,,,,,,,,,,,,,,,,,,,,,,,,,,,,,,,
975.0,26705.295,24.289,332.103,510.061,16.647,151.927,208.46,284.917,396.192,729.502,290.264,454.766,727.177,0.0,115496932.567,0.125,,,,,,,,,,,,,,,,,,,,,,,,,,,,,,,,,,,,,,,,,,,,,,,,
1000.0,,,,,,,,,,,,,,,,,,,,,,,,,,,,,,,,,,,,,,,,,,,,,,,,,21468.661,322.882,754.653,811.881,322.882,754.653,811.881,,,,,,,0.0,84630031.533,0.126
1125.0,,,,,,,,,,,,,,,,,28972.268,62.508,323.04,409.506,27.665,158.309,210.676,284.259,400.738,491.215,287.573,404.009,493.495,0.0,124727398.0,0.121,,,,,,,,,,,,,,,,,,,,,,,,,,,,,,,,
1250.0,,,,,,,,,,,,,,,,,,,,,,,,,,,,,,,,,20263.268,91.02,972.861,5182.671,91.02,972.861,5182.671,,,,,,,0.0,62293612.067,0.112,,,,,,,,,,,,,,,,
1300.0,29693.521,25.818,304.981,375.957,17.608,149.458,185.847,285.555,343.711,437.566,288.33,367.271,438.671,0.0,119426591.267,0.115,,,,,,,,,,,,,,,,,,,,,,,,,,,,,,,,,,,,,,,,,,,,,,,,
1500.0,,,,,,,,,,,,,,,,,30259.832,36.061,315.367,491.264,19.616,164.368,271.527,285.656,401.558,608.414,289.111,430.785,610.314,0.0,129496607.883,0.119,,,,,,,,,,,,,,,,,,,,,,,,,,,,,,,,
1625.0,27841.254,22.985,312.281,477.475,16.189,149.68,227.658,284.207,440.973,670.927,287.048,444.168,693.53,0.0,114238569.483,0.119,,,,,,,,,,,,,,,,,,,,,,,,,,,,,,,,,,,,,,,,,,,,,,,,
1875.0,,,,,,,,,,,,,,,,,32317.532,34.325,311.528,458.28,21.828,155.383,284.804,286.17,393.641,594.002,291.602,422.943,618.454,0.0,129701162.833,0.112,24552.757,120.223,1032.083,1835.012,120.223,1032.083,1835.012,,,,,,,0.0,74471275.2,0.102,,,,,,,,,,,,,,,,
1950.0,24494.094,30.149,302.546,997.541,22.744,147.462,414.176,288.6,860.217,1809.902,291.242,862.179,1806.402,0.0,98231283.017,0.122,,,,,,,,,,,,,,,,,,,,,,,,,,,,,,,,,,,,,,,,,,,,,,,,
2000.0,,,,,,,,,,,,,,,,,,,,,,,,,,,,,,,,,,,,,,,,,,,,,,,,,20768.045,279.621,1206.207,1676.097,279.621,1206.207,1676.097,,,,,,,0.0,81046652.3,0.127
2250.0,,,,,,,,,,,,,,,,,30620.949,54.679,326.646,376.962,36.457,161.729,212.292,287.248,347.675,515.803,293.163,355.437,547.281,0.0,136206764.283,0.122,,,,,,,,,,,,,,,,,,,,,,,,,,,,,,,,
2275.0,23252.81,50.002,319.499,330.27,43.316,156.926,162.046,303.24,325.474,623.222,305.62,327.081,638.786,0.0,92915033.367,0.124,,,,,,,,,,,,,,,,,,,,,,,,,,,,,,,,,,,,,,,,,,,,,,,,
2500.0,,,,,,,,,,,,,,,,,,,,,,,,,,,,,,,,,22464.521,156.35,176.378,5003.161,156.35,176.378,5003.161,,,,,,,0.0,67752312.4,0.106,,,,,,,,,,,,,,,,
2600.0,21981.69,77.684,347.38,357.966,67.62,170.944,176.688,325.253,353.97,386.847,327.6,355.884,386.706,0.0,93953453.783,0.132,,,,,,,,,,,,,,,,,,,,,,,,,,,,,,,,,,,,,,,,,,,,,,,,
2625.0,,,,,,,,,,,,,,,,,26449.209,83.466,355.892,390.466,59.029,176.433,194.203,282.4,386.293,403.993,285.162,388.229,414.963,0.0,120146733.867,0.129,,,,,,,,,,,,,,,,,,,,,,,,,,,,,,,,
3000.0,,,,,,,,,,,,,,,,,19823.241,139.624,410.477,427.804,108.718,203.11,213.166,354.128,423.32,446.497,356.764,424.442,455.528,0.0,228428075.183,0.282,,,,,,,,,,,,,,,,,21876.538,285.484,1002.621,1440.128,285.484,1002.621,1440.128,,,,,,,0.0,84207289.0,0.123
3125.0,,,,,,,,,,,,,,,,,,,,,,,,,,,,,,,,,21012.867,202.434,282.945,3031.031,202.434,282.945,3031.031,,,,,,,0.0,63841670.683,0.109,,,,,,,,,,,,,,,,
3750.0,,,,,,,,,,,,,,,,,,,,,,,,,,,,,,,,,21741.691,239.869,260.277,1644.54,239.869,260.277,1644.54,,,,,,,0.0,65252303.233,0.107,,,,,,,,,,,,,,,,
4000.0,,,,,,,,,,,,,,,,,,,,,,,,,,,,,,,,,,,,,,,,,,,,,,,,,22855.682,293.935,901.794,1262.11,293.935,901.794,1262.11,,,,,,,0.0,87662423.45,0.121
4375.0,,,,,,,,,,,,,,,,,,,,,,,,,,,,,,,,,22024.512,272.673,319.079,419.065,272.673,319.079,419.065,,,,,,,0.0,65861889.6,0.106,,,,,,,,,,,,,,,,
5000.0,,,,,,,,,,,,,,,,,,,,,,,,,,,,,,,,,22177.52,319.905,385.169,412.164,319.905,385.169,412.164,,,,,,,0.0,62871761.733,0.102,22444.562,296.764,913.257,1107.901,296.764,913.257,1107.901,,,,,,,0.0,86057716.333,0.122
6000.0,,,,,,,,,,,,,,,,,,,,,,,,,,,,,,,,,,,,,,,,,,,,,,,,,22987.243,282.557,918.797,1156.648,282.557,918.797,1156.648,,,,,,,0.0,87120065.2,0.12
7000.0,,,,,,,,,,,,,,,,,,,,,,,,,,,,,,,,,,,,,,,,,,,,,,,,,19672.139,276.747,1104.716,1831.509,276.747,1104.716,1831.509,,,,,,,0.0,74539133.35,0.127
8000.0,,,,,,,,,,,,,,,,,,,,,,,,,,,,,,,,,,,,,,,,,,,,,,,,,21740.93,432.649,662.396,770.309,432.649,662.396,770.309,,,,,,,0.0,78799877.117,0.119
