x_var,slog_lsh_p50,slog_lsh_p95,slog_lsh_p99,slog_fsh_p50,slog_fsh_p95,slog_fsh_p99,slog_mh_p50,slog_mh_p95,slog_mh_p99,slog_read_p50,slog_read_p95,slog_read_p99,slog_write_p50,slog_write_p95,slog_write_p99,detock_lsh_p50,detock_lsh_p95,detock_lsh_p99,detock_fsh_p50,detock_fsh_p95,detock_fsh_p99,detock_mh_p50,detock_mh_p95,detock_mh_p99,detock_read_p50,detock_read_p95,detock_read_p99,detock_write_p50,detock_write_p95,detock_write_p99,calvin_lsh_p50,calvin_lsh_p95,calvin_lsh_p99,calvin_fsh_p50,calvin_fsh_p95,calvin_fsh_p99,calvin_mh_p50,calvin_mh_p95,calvin_mh_p99,calvin_read_p50,calvin_read_p95,calvin_read_p99,calvin_write_p50,calvin_write_p95,calvin_write_p99,janus_lsh_p50,janus_lsh_p95,janus_lsh_p99,janus_fsh_p50,janus_fsh_p95,janus_fsh_p99,janus_mh_p50,janus_mh_p95,janus_mh_p99,janus_read_p50,janus_read_p95,janus_read_p99,janus_write_p50,janus_write_p95,janus_write_p99
1.0,72.456,175.888,267.168,336.407,537.867,2750.45,342.596,546.151,2830.8,,,,,,,11.918,144.309,797.126,508.855,1536.126,2120.543,508.565,1529.628,2067.378,,,,,,,320.999,411.117,470.247,,,,,,,,,,,,,430.147,744.254,3238.066,,,,,,,,,,,,
325.0,47.154,160.789,207.623,286.383,380.854,1066.492,308.011,384.989,1072.799,,,,,,,,,,,,,,,,,,,,,,,,,,,,,,,,,,,,,,,,,,,,,,,,,,,
375.0,,,,,,,,,,,,,,,,55.737,173.437,239.665,287.688,379.665,506.624,305.084,394.527,519.801,,,,,,,,,,,,,,,,,,,,,,,,,,,,,,,,,,,,
625.0,,,,,,,,,,,,,,,,,,,,,,,,,,,,,,,35.909,49.013,11038.117,,,,,,,,,,,,,,,,,,,,,,,,,,,
650.0,25.532,151.045,225.767,290.52,534.285,2155.58,295.018,527.834,2163.293,,,,,,,,,,,,,,,,,,,,,,,,,,,,,,,,,,,,,,,,,,,,,,,,,,,
750.0,,,,,,,,,,,,,,,,40.083,161.469,363.884,300.156,654.627,1318.345,304.048,656.675,1319.841,,,,,,,,,,,,,,,,,,,,,,,,,,,,,,,,,,,,
975.0,16.647,151.927,208.46,284.917,396.192,729.502,290.264,454.766,727.177,,,,,,,,,,,,,,,,,,,,,,,,,,,,,,,,,,,,,,,,,,,,,,,,,,,
1000.0,,,,,,,,,,,,,,,,,,,,,,,,,,,,,,,,,,,,,,,,,,,,,,322.882,754.653,811.881,,,,,,,,,,,,
1125.0,,,,,,,,,,,,,,,,27.665,158.309,210.676,284.259,400.738,491.215,287.573,404.009,493.495,,,,,,,,,,,,,,,,,,,,,,,,,,,,,,,,,,,,
1250.0,,,,,,,,,,,,,,,,,,,,,,,,,,,,,,,91.02,972.861,5182.671,,,,,,,,,,,,,,,,,,,,,,,,,,,
1300.0,17.608,149.458,185.847,285.555,343.711,437.566,288.33,367.271,438.671,,,,,,,,,,,,,,,,,,,,,,,,,,,,,,,,,,,,,,,,,,,,,,,,,,,
1500.0,,,,,,,,,,,,,,,,19.616,164.368,271.527,285.656,401.558,608.414,289.111,430.785,610.314,,,,,,,,,,,,,,,,,,,,,,,,,,,,,,,,,,,,
1625.0,16.189,149.68,227.658,284.207,440.973,670.927,287.048,444.168,693.53,,,,,,,,,,,,,,,,,,,,,,,,,,,,,,,,,,,,,,,,,,,,,,,,,,,
1875.0,,,,,,,,,,,,,,,,21.828,155.383,284.804,286.17,393.641,594.002,291.602,422.943,618.454,,,,,,,120.223,1032.083,1835.012,,,,,,,,,,,,,,,,,,,,,,,,,,,
1950.0,22.744,147.462,414.176,288.6,860.217,1809.902,291.242,862.179,1806.402,,,,,,,,,,,,,,,,,,,,,,,,,,,,,,,,,,,,,,,,,,,,,,,,,,,
2000.0,,,,,,,,,,,,,,,,,,,,,,,,,,,,,,,,,,,,,,,,,,,,,,279.621,1206.207,1676.097,,,,,,,,,,,,
2250.0,,,,,,,,,,,,,,,,36.457,161.729,212.292,287.248,347.675,515.803,293.163,355.437,547.281,,,,,,,,,,,,,,,,,,,,,,,,,,,,,,,,,,,,
2275.0,43.316,156.926,162.046,303.24,325.474,623.222,305.62,327.081,638.786,,,,,,,,,,,,,,,,,,,,,,,,,,,,,,,,,,,,,,,,,,,,,,,,,,,
2500.0,,,,,,,,,,,,,,,,,,,,,,,,,,,,,,,156.35,176.378,5003.161,,,,,,,,,,,,,,,,,,,,,,,,,,,
2600.0,67.62,170.944,176.688,325.253,353.97,386.847,327.6,355.884,386.706,,,,,,,,,,,,,,,,,,,,,,,,,,,,,,,,,,,,,,,,,,,,,,,,,,,
2625.0,,,,,,,,,,,,,,,,59.029,176.433,194.203,282.4,386.293,403.993,285.162,388.229,414.963,,,,,,,,,,,,,,,,,,,,,,,,,,,,,,,,,,,,
3000.0,,,,,,,,,,,,,,,,108.718,203.11,213.166,354.128,423.32,446.497,356.764,424.442,455.528,,,,,,,,,,,,,,,,,,,,,,285.484,1002.621,1440.128,,,,,,,,,,,,
3125.0,,,,,,,,,,,,,,,,,,,,,,,,,,,,,,,202.434,282.945,3031.031,,,,,,,,,,,,,,,,,,,,,,,,,,,
3750.0,,,,,,,,,,,,,,,,,,,,,,,,,,,,,,,239.869,260.277,1644.54,,,,,,,,,,,,,,,,,,,,,,,,,,,
4000.0,,,,,,,,,,,,,,,,,,,,,,,,,,,,,,,,,,,,,,,,,,,,,,293.935,901.794,1262.11,,,,,,,,,,,,
4375.0,,,,,,,,,,,,,,,,,,,,,,,,,,,,,,,272.673,319.079,419.065,,,,,,,,,,,,,,,,,,,,,,,,,,,
5000.0,,,,,,,,,,,,,,,,,,,,,,,,,,,,,,,319.905,385.169,412.164,,,,,,,,,,,,,296.764,913.257,1107.901,,,,,,,,,,,,
6000.0,,,,,,,,,,,,,,,,,,,,,,,,,,,,,,,,,,,,,,,,,,,,,,282.557,918.797,1156.648,,,,,,,,,,,,
7000.0,,,,,,,,,,,,,,,,,,,,,,,,,,,,,,,,,,,,,,,,,,,,,,276.747,1104.716,1831.509,,,,,,,,,,,,
8000.0,,,,,,,,,,,,,,,,,,,,,,,,,,,,,,,,,,,,,,,,,,,,,,432.649,662.396,770.309,,,,,,,,,,,,
